Workbook
Name 유종별환산연비: 항목!$H$3:$H$5
Name 유종선택: 항목!$D$3:$D$5
Name 이동수단: 항목!$B$3:$B$4
Name 한도조정: 항목!$F$3:$F$4

Sheet 규정요약
L3: ※ 국내 교통비 지원 규정 상세 내용은 국내교통비신청메뉴얼을 참조하시고, 문의는 관리팀 담당자

Sheet 거리산정기준
B2: ■ 거리산정 기준
B4: ▶ 자차 이용 | S4: ▶대중교통이용
B5: - 네이버 or 티맵상 거리 캡쳐 : 현장(or숙소) <> 자택 | S5: - 시외/고속버스, 기차
M6: 상세주소 | Q6: 단축주소
L7: 출발지 주소 | M7: 경기도 이천시 부발읍 아미리 701-2 | Q7: 1 | S7: 출발터미널(역)
L8: 도착지 주소 | M8: 경기도 고양시 덕양구 덕수천 1로 59 | Q8: 2 | S8: 도착터미널(역)
L10: 편도거리(km) | M10: 86
L11: 왕복거리(km) | M11: =+M10*2 -> 172
L14: ▶ 비고
L15: 1. e-HR 등록지 변경 전, 자차 이동거리 및 출도착터미널(역)은 매회차 동일
L16: - 자택기준 : e-HR 등록 주소지 (기혼 : 가족 거주지, 미혼 : 부모 거주지)
L17: - 출발지 : 현장 (or 숙소) / 도착지 : 자택
L18: 2. 자차 이용 시, 차종 변경 전까지 유종은 동일 (유류(경유, 휘발유, 고급유, LPG), 전기차, 수소차), 해당 유종 증빙만 가능
L19: 3. 단축주소는 시/군/구
L20: 4. 대중교통 이용시, 현장<> 출발터미널(역), 자택 <> 도착터미널(역) 이동간 택시비/시내버스/지하철 비용도 포함
L21: 5. 대중교통이 시내/광역버스/택시/지하철만 해당될 경우, 출도착터미널(역) 미기입

Sheet 회차별신청및증빙
B2: ▶ 자차 이용 시, 유종별 평균단가 산정 | I2: ▶ Index
B4: 유종선택 | C4: 유류 | D4: =VLOOKUP(C4,F5:G8,2,0) -> 7 | F4: ※ 유종별 환산 연비 | I4: 선택
B5: 주유일 | C5: 주유/충전량 | D5: 주유금액 | F5: 유종 | G5: 환산연비 | I5: 입력
B6: 46087 | C6: 55.384 | D6: 108000 | F6: 유류 | G6: 7 | I6: 자동
B7: 46103 | C7: 51.087 | D7: 94000 | F7: 전기 | G7: 3.5
F8: 수소 | G8: 65.8
B17: 주유합계 | C17: =SUM(C6:C16) -> 106.471 | D17: =SUM(D6:D16) -> 202000
B18: 평균단가 | D18: =IFERROR(ROUNDUP(D17/C17,0),"") -> 1898
B20: ■ 회차별 정산 (e-HR 국내교통비 신청 시스템 입력 항목)
B22: 회차 | C22: 시작일 | D22: 종료일 | E22: 이동수단 | F22: 출발지 | G22: 도착지 | H22: 유류단가 | I22: 이동거리 | J22: 주유비정산 | K22: 통행료 | L22: 교통비(시외) | M22: 교통비(시내) | N22: 산출금액 | O22: 신청금액
B23: 1회차 | C23: 46087 | D23: 46089 | E23: 자차 | F23: =거리산정기준!Q$7 -> 1 | G23: =+거리산정기준!Q$8 -> 2 | H23: =IF(E23="자차",D$18,"") -> 1898 | I23: =IF(E23="자차",거리산정기준!M$11,"") -> 172 | J23: =IF(E23="자차",H23*I23/D$4,"") -> 46636.571 | K23: 13600 | N23: =IFERROR(SUM(J23:M23),"") -> 60236.571 | O23: =+IF(SUM(N23)>O29,O29,N23) -> 60236.571
B24: 2회차 | C24: 46094 | D24: 46096 | E24: 자차 | F24: =거리산정기준!Q$7 -> 1 | G24: =+거리산정기준!Q$8 -> 2 | H24: =IF(E24="자차",D$18,"") -> 1898 | I24: =IF(E24="자차",거리산정기준!M$11,"") -> 172 | J24: =IF(E24="자차",H24*I24/D$4,"") -> 46636.571 | K24: 13500 | N24: =IFERROR(SUM(J24:M24),"") -> 60136.571 | O24: =+IF(O23+N24>O29,O29-O23,N24) -> 60136.571 | Q24: ※ 증빙금액은 반드시, 신청금액 보다 같거나 많아야함
B25: 3회차 | C25: 46101 | D25: 46103 | E25: 자차 | F25: =거리산정기준!Q$7 -> 1 | G25: =+거리산정기준!Q$8 -> 2 | H25: =IF(E25="자차",D$18,"") -> 1898 | I25: =IF(E25="자차",거리산정기준!M$11,"") -> 172 | J25: =IF(E25="자차",H25*I25/D$4,"") -> 46636.571 | K25: 13600 | N25: =IFERROR(SUM(J25:M25),"") -> 60236.571 | O25: =+IF(O23+O24+N25>O29,O29-O23-O24,N25) -> 60236.571 | Q25: =SUM(D17,K23:K26)>=O28 -> TRUE
B26: 4회차 | C26: 46104 | D26: 46110 | E26: 자차 | F26: =거리산정기준!Q$7 -> 1 | G26: =+거리산정기준!Q$8 -> 2 | H26: =IF(E26="자차",D$18,"") -> 1898 | I26: =IF(E26="자차",거리산정기준!M$11,"") -> 172 | J26: =IF(E26="자차",H26*I26/D$4,"") -> 46636.571 | K26: 13600 | N26: =IFERROR(SUM(J26:M26),"") -> 60236.571 | O26: =+IF(O23+O24+O25+N26>O29,O29-O23-O24-O25,N26) -> 60236.571
M28: 합계 | N28: =SUM(N23:N26) -> 240846.29 | O28: =SUM(O23:O26) -> 240846.29
M29: 한도 | N29: 250000 | O29: 250000
M30: 한도잔액 | N30: =+N29-N28 -> 9153.7143 | O30: =+O29-O28 -> 9153.7143
J31: ※ 산출금액 합계가 한도를 초과할 경우, 한도 초과 금액을 마지막 회차에서 조정하여 마지막 회차산출금액을 조정함
B33: ▶ 주유/톨비/주차장 증빙 (캡쳐) ↓ | E33: ※ 캡쳐사진은 내용을 확인할 수 있는 수준 | J33: ▶ 대중교통이용증빙 (캡쳐) ↓

Sheet 자택출근자
B2: ▶ 자차 이용 시, 유종별 평균단가 산정 | J2: ▶ Index
B4: 유종선택 | C4: 유류 | D4: =VLOOKUP(C4,F5:G8,2,0) -> 7 | F4: ※ 유종별 환산 연비 | J4: 선택
B5: 주유일 | C5: 주유/충전량 | D5: 주유금액 | F5: 유종 | G5: 환산연비 | J5: 입력
F6: 유류 | G6: 7 | J6: 자동
F7: 전기 | G7: 3.5
F8: 수소 | G8: 65.8
B17: 주유합계 | C17: =SUM(C6:C16) -> 0 | D17: =SUM(D6:D16) -> 0
B18: 평균단가 | D18: =IFERROR(ROUNDUP(D17/C17,0),"")
B20: ■ 회차별 정산 (e-HR 국내교통비 신청 시스템 입력 항목)
B22: 회차 | C22: 시작일 | D22: 종료일 | E22: 이동수단 | F22: 출발지 | G22: 도착지 | H22: 유류단가 | I22: 출퇴근일수 | J22: 이동거리 | K22: 주유비정산 | L22: 통행료 | M22: 교통비(시외) | N22: 교통비(시내) | O22: 산출금액 | P22: 신청금액
B23: 1회차 | C23: 46082 | D23: 46112 | E23: 자차 | F23: 용인시 처인구 | G23: =+거리산정기준!Q$8 -> 2 | H23: =IF(E23="자차",D$18,"") | J23: =IF(E23="자차",거리산정기준!M$11*I23,"") -> 0 | K23: =IF(E23="자차",H23*J23/D$4,"") -> #VALUE! | O23: =IFERROR(SUM(K23:N23),"") | P23: =+IF(SUM(O23)>P26,P26,O23)
C24: 매월 1일입력 | D24: 매월 말일입력
N25: 합계 | O25: =SUM(O23:O23) -> 0 | P25: =SUM(P23:P23) -> 0
N26: 한도 | O26: 250000 | P26: 250000
N27: 한도잔액 | O27: =+O26-O25 -> 250000 | P27: =+P26-P25 -> 250000
B30: ▶ 주유/톨비/주차장 증빙 (캡쳐) ↓ | E30: ※ 캡쳐사진은 내용을 확인할 수 있는 수준 | J30: ▶ 대중교통이용증빙 (캡쳐) ↓

Sheet 항목
B2: 이동수단 | D2: 유종선택 | F2: 한도조정 | H2: 유종별환산연비
B3: 자차 | D3: 유류 | F3: 자동 | H3: 7
B4: 대중교통 | D4: 전기 | F4: 조정 | H4: 3.5
D5: 수소 | H5: 65.8
